name,참여,비참여
GOT7,22.22222222222222,77.77777777777779
BTS,70.80745341614907,29.19254658385093
EXO,1.8691588785046727,98.13084112149532
