name,참여,비참여
GOT7,28.57142857142857,71.42857142857143
BTS,72.04968944099379,27.95031055900621
EXO,8.878504672897195,91.1214953271028
